model,accuracy,precision,recall,f1,roc_auc
LogisticRegression,1.0,1.0,1.0,1.0,1.0
DecisionTree,1.0,1.0,1.0,1.0,1.0
RandomForest,1.0,1.0,1.0,1.0,1.0
GradientBoosting,1.0,1.0,1.0,1.0,1.0
BernoulliNB,1.0,1.0,1.0,1.0,1.0
SVC_RBF,0.9933333333333333,1.0,0.9897959183673469,0.9948717948717949,1.0
KNN,0.8733333333333333,0.8691588785046729,0.9489795918367347,0.9073170731707317,0.9582025117739403
